{
  "model_path": "C:\\Users\\efegr\\OneDrive\\Belgeler\\PythonProjects\\SignatureAuthentication\\SiameseModel\\models\\signature_siamese_best.pth",
  "data_dir": "C:\\Users\\efegr\\OneDrive\\Belgeler\\PythonProjects\\SignatureAuthentication\\SiameseModel\\sign_data\\split\\val",
  "split": "val",
  "threshold": 1.0159612894058228,
  "total": 180,
  "tp": 81,
  "tn": 92,
  "fp": 0,
  "fn": 7,
  "accuracy": 0.9611111111111111,
  "num_distances": 180,
  "distances": [
    0.1093224436044693,
    0.4787733852863312,
    0.3569640517234802,
    0.15904349088668823,
    0.43433988094329834,
    0.32652547955513,
    0.5022590756416321,
    0.5743620991706848,
    0.11845529079437256,
    0.4037003219127655,
    0.385307252407074,
    1.0879175662994385,
    1.4308370351791382,
    1.6057157516479492,
    1.247860074043274,
    1.5820562839508057,
    1.4180536270141602,
    1.3290563821792603,
    1.4108277559280396,
    1.5728716850280762,
    1.4092803001403809,
    1.6418131589889526,
    1.5459686517715454,
    0.20173028111457825,
    0.15013574063777924,
    0.14420326054096222,
    0.17909307777881622,
    0.2371385544538498,
    0.3792934715747833,
    0.3340352475643158,
    0.13867752254009247,
    0.24274255335330963,
    0.2997182011604309,
    0.08902201056480408,
    1.5184645652770996,
    1.63923180103302,
    1.6384823322296143,
    1.1046794652938843,
    1.7139486074447632,
    1.6767228841781616,
    1.4519692659378052,
    1.7241047620773315,
    1.4846984148025513,
    1.5122098922729492,
    1.7216726541519165,
    1.5869803428649902,
    0.7949719429016113,
    0.17191177606582642,
    0.43821170926094055,
    1.0315775871276855,
    0.49522584676742554,
    0.2525126338005066,
    0.3239094018936157,
    1.2003426551818848,
    0.9558781981468201,
    0.3538557291030884,
    0.4151221811771393,
    1.720455527305603,
    1.2655388116836548,
    1.7871743440628052,
    1.8274725675582886,
    1.7215125560760498,
    1.8483054637908936,
    1.8769915103912354,
    1.7973616123199463,
    1.8217966556549072,
    1.839176893234253,
    1.847032070159912,
    1.7890607118606567,
    0.23253938555717468,
    0.23970994353294373,
    0.20610804855823517,
    0.5750418305397034,
    0.09525985270738602,
    0.2689839005470276,
    0.2499268651008606,
    0.27389609813690186,
    0.17848855257034302,
    0.31345146894454956,
    0.284916490316391,
    1.6797888278961182,
    1.6328297853469849,
    1.6830238103866577,
    1.628334641456604,
    1.6311628818511963,
    1.6923376321792603,
    1.6677676439285278,
    1.6590490341186523,
    1.6330792903900146,
    1.6512593030929565,
    1.6782890558242798,
    1.2577097415924072,
    0.48508965969085693,
    1.1803418397903442,
    1.1146821975708008,
    1.0708472728729248,
    0.6679800748825073,
    0.9777796864509583,
    1.2692303657531738,
    0.9561541676521301,
    0.5846549868583679,
    0.43116095662117004,
    1.1975618600845337,
    1.6245026588439941,
    1.6495798826217651,
    1.6121762990951538,
    1.655263900756836,
    1.6598150730133057,
    1.1221516132354736,
    1.6343019008636475,
    1.4903287887573242,
    1.153479814529419,
    1.6402422189712524,
    1.6287747621536255,
    1.6236201524734497,
    0.13154971599578857,
    0.6145712733268738,
    0.7913159728050232,
    0.711696207523346,
    0.7505353689193726,
    0.6690971851348877,
    0.6533881425857544,
    0.7950062155723572,
    0.5105918645858765,
    0.7892518639564514,
    0.8519951701164246,
    1.4567238092422485,
    1.7197283506393433,
    1.9334279298782349,
    1.4556679725646973,
    1.7873575687408447,
    1.6149996519088745,
    1.6716339588165283,
    1.8640716075897217,
    1.780193567276001,
    1.8843014240264893,
    1.9216574430465698,
    1.9360685348510742,
    0.12926875054836273,
    0.5122482776641846,
    0.3466254472732544,
    0.2246340960264206,
    0.3168551027774811,
    0.10503154993057251,
    0.10624051839113235,
    0.5429226756095886,
    0.1587042212486267,
    0.34227973222732544,
    0.39095085859298706,
    1.7079358100891113,
    1.8068335056304932,
    1.7465461492538452,
    1.6637438535690308,
    1.819395899772644,
    1.793617606163025,
    1.7022653818130493,
    1.8174335956573486,
    1.8104757070541382,
    1.7896419763565063,
    1.824992299079895,
    1.7788302898406982,
    0.14742355048656464,
    0.12660488486289978,
    0.33223214745521545,
    0.14778222143650055,
    0.13044212758541107,
    0.24085907638072968,
    0.18511717021465302,
    0.29361778497695923,
    0.11444973200559616,
    0.16713541746139526,
    0.1526367962360382,
    1.1676799058914185,
    1.0159612894058228,
    1.0751718282699585,
    1.051615834236145,
    1.1889688968658447,
    1.1917762756347656,
    1.2460668087005615,
    1.0668998956680298
  ],
  "labels": [
    1,
    1,
    1,
    1,
    1,
    1,
    1,
    1,
    1,
    1,
    1,
    0,
    0,
    0,
    0,
    0,
    0,
    0,
    0,
    0,
    0,
    0,
    0,
    1,
    1,
    1,
    1,
    1,
    1,
    1,
    1,
    1,
    1,
    1,
    0,
    0,
    0,
    0,
    0,
    0,
    0,
    0,
    0,
    0,
    0,
    0,
    1,
    1,
    1,
    1,
    1,
    1,
    1,
    1,
    1,
    1,
    1,
    0,
    0,
    0,
    0,
    0,
    0,
    0,
    0,
    0,
    0,
    0,
    0,
    1,
    1,
    1,
    1,
    1,
    1,
    1,
    1,
    1,
    1,
    1,
    0,
    0,
    0,
    0,
    0,
    0,
    0,
    0,
    0,
    0,
    0,
    0,
    1,
    1,
    1,
    1,
    1,
    1,
    1,
    1,
    1,
    1,
    1,
    0,
    0,
    0,
    0,
    0,
    0,
    0,
    0,
    0,
    0,
    0,
    0,
    1,
    1,
    1,
    1,
    1,
    1,
    1,
    1,
    1,
    1,
    1,
    0,
    0,
    0,
    0,
    0,
    0,
    0,
    0,
    0,
    0,
    0,
    0,
    1,
    1,
    1,
    1,
    1,
    1,
    1,
    1,
    1,
    1,
    1,
    0,
    0,
    0,
    0,
    0,
    0,
    0,
    0,
    0,
    0,
    0,
    0,
    1,
    1,
    1,
    1,
    1,
    1,
    1,
    1,
    1,
    1,
    1,
    0,
    0,
    0,
    0,
    0,
    0,
    0,
    0
  ]
}