{
  "model_path": "C:\\Users\\efegr\\OneDrive\\Belgeler\\PythonProjects\\SignatureAuthentication\\SiameseModel\\models\\signature_siamese_best.pth",
  "data_dir": "C:\\Users\\efegr\\OneDrive\\Belgeler\\PythonProjects\\SignatureAuthentication\\SiameseModel\\sign_data\\split\\test",
  "split": "test",
  "threshold": 1.016,
  "total": 479,
  "tp": 220,
  "tn": 242,
  "fp": 6,
  "fn": 11,
  "accuracy": 0.964509394572025,
  "num_distances": 479,
  "distances": [
    0.6341522336006165,
    0.8076262474060059,
    0.4356224536895752,
    0.5199602842330933,
    0.3546109199523926,
    0.6764535903930664,
    0.5683103203773499,
    0.3622497618198395,
    0.3844428062438965,
    0.27206042408943176,
    0.46023067831993103,
    1.5891928672790527,
    1.7297991514205933,
    1.4184602499008179,
    1.5969328880310059,
    1.640851378440857,
    1.7804597616195679,
    1.4718494415283203,
    1.808551549911499,
    1.8262995481491089,
    1.437688946723938,
    1.7553119659423828,
    1.8524034023284912,
    0.18129122257232666,
    0.08908557146787643,
    0.1748782992362976,
    0.2302345186471939,
    0.07693614065647125,
    0.30798378586769104,
    0.19046905636787415,
    0.10851452499628067,
    0.09085599333047867,
    0.10616490989923477,
    0.09571514278650284,
    1.8384490013122559,
    1.911252737045288,
    1.7380788326263428,
    1.7910137176513672,
    1.9124876260757446,
    1.8995288610458374,
    1.8067244291305542,
    1.9077558517456055,
    1.8877581357955933,
    1.8832651376724243,
    1.9050055742263794,
    1.9057568311691284,
    0.04906437546014786,
    0.07335878163576126,
    0.12981900572776794,
    0.0942610576748848,
    0.21646738052368164,
    0.19861900806427002,
    0.15956583619117737,
    0.17358815670013428,
    0.3666743040084839,
    0.22046498954296112,
    0.11929293721914291,
    1.7301548719406128,
    1.7250866889953613,
    1.44121515750885,
    1.8043724298477173,
    1.7689709663391113,
    1.7966762781143188,
    0.7376148700714111,
    1.832051396369934,
    0.6283177137374878,
    0.19930534064769745,
    0.2867397367954254,
    0.36942562460899353,
    0.09080084413290024,
    0.2787056863307953,
    0.337666392326355,
    0.33142977952957153,
    0.32780587673187256,
    0.5764197707176208,
    0.3685621917247772,
    1.7621397972106934,
    1.7583622932434082,
    1.7873722314834595,
    1.780834674835205,
    1.749991774559021,
    1.7043051719665527,
    1.8016715049743652,
    1.8147639036178589,
    1.462099313735962,
    1.7660056352615356,
    1.8048101663589478,
    1.8063831329345703,
    1.7828645706176758,
    1.4330787658691406,
    1.806115746498108,
    1.8137285709381104,
    0.8838076591491699,
    0.5223845839500427,
    0.5829041600227356,
    0.7551428079605103,
    0.2101019322872162,
    0.37304049730300903,
    0.8251604437828064,
    0.33930477499961853,
    0.6881039142608643,
    0.6997134685516357,
    0.62095707654953,
    1.8431484699249268,
    1.8382506370544434,
    1.8888185024261475,
    1.767348051071167,
    1.885170340538025,
    1.8679466247558594,
    1.8565279245376587,
    1.8427661657333374,
    1.8811662197113037,
    1.822009563446045,
    1.846774935722351,
    1.854443073272705,
    1.8789583444595337,
    1.8614544868469238,
    1.784778118133545,
    1.841009497642517,
    0.927687406539917,
    0.32013827562332153,
    0.6222020983695984,
    0.256339967250824,
    0.6520770788192749,
    0.6492699384689331,
    0.7902469038963318,
    1.0427089929580688,
    1.119603157043457,
    1.3274909257888794,
    0.8910729289054871,
    1.8624132871627808,
    1.837505578994751,
    1.846531867980957,
    1.753536343574524,
    1.1409244537353516,
    1.8785442113876343,
    1.8565082550048828,
    1.8649300336837769,
    1.8477654457092285,
    1.6883553266525269,
    1.8752965927124023,
    1.8723493814468384,
    1.8319967985153198,
    1.8004740476608276,
    1.8568156957626343,
    1.8731729984283447,
    1.870661735534668,
    1.8224248886108398,
    1.8408249616622925,
    1.8471533060073853,
    0.24585962295532227,
    0.6721001863479614,
    0.2835756540298462,
    0.4292028844356537,
    0.4686580300331116,
    0.44880765676498413,
    0.256350576877594,
    0.3646879196166992,
    0.2983384132385254,
    0.1211310401558876,
    0.246695414185524,
    1.9286174774169922,
    1.506968379020691,
    1.541611671447754,
    1.9029089212417603,
    1.7976528406143188,
    1.3985539674758911,
    1.9161540269851685,
    1.6664879322052002,
    1.6385343074798584,
    1.8989044427871704,
    1.897034764289856,
    1.647999882698059,
    0.30467721819877625,
    0.06123192235827446,
    0.2121853232383728,
    0.2585105001926422,
    0.21160846948623657,
    0.35992303490638733,
    0.26578569412231445,
    0.31808435916900635,
    0.29014265537261963,
    0.21884895861148834,
    0.34229424595832825,
    1.1495788097381592,
    1.5055898427963257,
    1.3238054513931274,
    1.2330689430236816,
    1.2980384826660156,
    1.2947591543197632,
    1.5081145763397217,
    1.4095524549484253,
    0.8720250129699707,
    0.9820337295532227,
    0.39900079369544983,
    0.8001649379730225,
    0.7298641204833984,
    0.33348381519317627,
    0.38208839297294617,
    0.6337828040122986,
    0.4072459638118744,
    0.2126852124929428,
    0.6759317517280579,
    1.852036952972412,
    1.897217869758606,
    1.6014487743377686,
    1.843489170074463,
    1.8993520736694336,
    1.7843385934829712,
    1.4342827796936035,
    1.8721842765808105,
    1.70710289478302,
    1.7788110971450806,
    1.8722307682037354,
    1.775444507598877,
    0.07352176308631897,
    0.4826889932155609,
    0.2601894438266754,
    0.09342315047979355,
    0.2761951982975006,
    0.13667088747024536,
    0.0557481087744236,
    0.11032235622406006,
    0.20346219837665558,
    0.15589584410190582,
    0.05460696667432785,
    1.69736909866333,
    1.7040847539901733,
    1.638973355293274,
    1.6702152490615845,
    1.692733645439148,
    1.707736611366272,
    1.6464145183563232,
    1.694034457206726,
    1.6994966268539429,
    1.690596103668213,
    1.5271915197372437,
    1.6768224239349365,
    1.6988580226898193,
    1.7035821676254272,
    1.6115126609802246,
    1.6826379299163818,
    0.1143668070435524,
    0.42439407110214233,
    0.5410255789756775,
    0.5188652873039246,
    0.7159491777420044,
    0.5274399518966675,
    0.5575680136680603,
    0.47602689266204834,
    0.6362236738204956,
    0.5640074610710144,
    0.45433661341667175,
    1.9333431720733643,
    1.9533450603485107,
    1.9610410928726196,
    1.9571771621704102,
    1.9287141561508179,
    1.9661109447479248,
    1.9601051807403564,
    1.951513648033142,
    0.44477126002311707,
    0.5501725077629089,
    0.40288034081459045,
    0.524958610534668,
    0.5667904615402222,
    0.5147303342819214,
    0.2661413252353668,
    0.24723733961582184,
    0.5146815776824951,
    0.2793133556842804,
    0.37609270215034485,
    1.9017232656478882,
    1.9145323038101196,
    1.9077246189117432,
    1.9067623615264893,
    1.9183465242385864,
    1.900168538093567,
    1.9100679159164429,
    1.9225239753723145,
    1.8366626501083374,
    1.669113039970398,
    1.9097468852996826,
    1.8864843845367432,
    1.5141849517822266,
    1.6592552661895752,
    1.603337287902832,
    1.5709543228149414,
    1.4252657890319824,
    1.6124812364578247,
    0.9686564803123474,
    1.4577293395996094,
    1.6070878505706787,
    0.2123831957578659,
    0.1887214332818985,
    1.6573545932769775,
    1.8326114416122437,
    1.725931167602539,
    1.8360881805419922,
    1.8334587812423706,
    1.7301243543624878,
    1.7370786666870117,
    1.8535752296447754,
    1.7958109378814697,
    1.5145436525344849,
    1.8609559535980225,
    1.8582109212875366,
    0.371728777885437,
    0.37531614303588867,
    0.4495510160923004,
    0.19531692564487457,
    0.3285551071166992,
    0.4788394570350647,
