{
  "epochs": [
    1,
    2,
    3,
    4,
    5,
    6,
    7,
    8,
    9,
    10,
    11,
    12,
    13,
    14,
    15,
    16,
    17,
    18,
    19,
    20,
    21,
    22,
    23,
    24,
    25,
    26,
    27,
    28,
    29,
    30,
    31,
    32,
    33,
    34,
    35,
    36,
    37,
    38,
    39,
    40,
    41,
    42,
    43,
    44,
    45,
    46,
    47,
    48,
    49,
    50,
    51,
    52,
    53,
    54,
    55,
    56,
    57,
    58,
    59,
    60,
    61,
    62,
    63,
    64,
    65,
    66,
    67,
    68,
    69,
    70,
    71,
    72,
    73,
    74,
    75,
    76,
    77,
    78,
    79,
    80,
    81,
    82,
    83,
    84,
    85,
    86,
    87,
    88,
    89,
    90,
    91,
    92,
    93,
    94,
    95,
    96,
    97,
    98,
    99,
    100,
    101,
    102,
    103,
    104,
    105,
    106,
    107,
    108,
    109,
    110,
    111,
    112,
    113,
    114,
    115,
    116,
    117,
    118,
    119,
    120,
    121,
    122,
    123,
    124,
    125,
    126,
    127,
    128,
    129,
    130,
    131,
    132,
    133,
    134,
    135,
    136,
    137,
    138,
    139,
    140,
    141,
    142,
    143,
    144,
    145,
    146,
    147,
    148,
    149,
    150
  ],
  "loss": [
    0.2701665986986721,
    0.2538861308027716,
    0.25305696094737334,
    0.2532143005553414,
    0.252905151423286,
    0.25403548163526196,
    0.24619051638771505,
    0.25036902024465446,
    0.23810052433434656,
    0.22534929654177496,
    0.20872929341652813,
    0.19303510031279394,
    0.17115907546351938,
    0.18035014850251815,
    0.17564316970460556,
    0.1664341539144516,
    0.16806557160966537,
    0.15729205660960255,
    0.1746544715236215,
    0.15144072955145554,
    0.14594810280729742,
    0.14770009281004176,
    0.15182002283194485,
    0.14853962905266704,
    0.1330576127066332,
    0.14897128720493877,
    0.13874105013468685,
    0.1415101351106868,
    0.14448151080047383,
    0.13281381962930455,
    0.12519746186102138,
    0.135791495004121,
    0.14116538272184484,
    0.13666769686867208,
    0.1348359803943073,
    0.12573062234065113,
    0.11752376530100317,
    0.11477274228544797,
    0.12770177117165396,
    0.12566498272559223,
    0.120010866838343,
    0.11327360000680475,
    0.12278527897946975,
    0.11632828019997653,
    0.11127007051425822,
    0.10147260129451752,
    0.10397045927889206,
    0.1029609262066729,
    0.10939810950966443,
    0.10092830570305095,
    0.09854524451143601,
    0.10801460747333134,
    0.0903841875055257,
    0.09098274611374911,
    0.10764861282180338,
    0.10279322547071121,
    0.09615707309807048,
    0.10563563993748497,
    0.10531060989288722,
    0.09931596193243475,
    0.09283271826365415,
    0.11034123336567599,
    0.10777041754301857,
    0.08623089707073044,
    0.09176051857716896,
    0.10003953383249395,
    0.08678464065579806,
    0.07551178226576132,
    0.08925335350282051,
    0.08193704288671999,
    0.08709294129820432,
    0.07252227471155279,
    0.08883478098055896,
    0.0782577203696265,
    0.08101246615543085,
    0.07759728655219078,
    0.07276100774898249,
    0.06028614280854955,
    0.07776561795788653,
    0.0638541447765687,
    0.07262803000562332,
    0.0751606673002243,
    0.06418428723426427,
    0.0724170591463061,
    0.06002735160291195,
    0.06236022853237741,
    0.06551161835737088,
    0.07058900024961023,
    0.06207504320670577,
    0.058301509631907236,
    0.05288595859618748,
    0.056233272832982684,
    0.06634599386769183,
    0.05667924957678599,
    0.05806609900558696,
    0.06303294813808273,
    0.06000250632710317,
    0.05020746961236,
    0.05099682411288514,
    0.0728356077828828,
    0.061207739636301994,
    0.05668776679564925,
    0.05311838877113426,
    0.0634056068956852,
    0.05255846021806493,
    0.04850955197916312,
    0.05036523499909569,
    0.04907315333976465,
    0.05193951167166233,
    0.0501599893631304,
    0.041500026031452066,
    0.04683207150767831,
    0.04965058845632216,
    0.04269120842218399,
    0.04292967071866288,
    0.04735847343416775,
    0.04007643329746583,
    0.04023290096836932,
    0.04261157672633143,
    0.042411770233336615,
    0.05565332155674696,
    0.045618192566668284,
    0.0440274762975819,
    0.03773072033244021,
    0.03397659902625224,
    0.0354666026747402,
    0.050777842564617884,
    0.03148903840166681,
    0.02871510205680833,
    0.03911191309966585,
    0.04156576480497332,
    0.03545247544260586,
    0.0350888836033204,
    0.04144156554385143,
    0.0346030186423484,
    0.033085470306960976,
    0.031913837308392805,
    0.03891421646318015,
    0.036629908882519775,
    0.03392875830040259,
    0.0364766480291591,
    0.03963852706639206,
    0.03436344779808732,
    0.030579474261578393,
    0.02684917120153413,
    0.030850954353809357,
    0.02909564522697645,
    0.03085577323594514,
    0.029526787645676556,
    0.030398727449424127
  ],