{
    "epochs": 200,
    "train_loss": [
        1.1913873354593914,
        1.1817426284154255,
        1.183412988980611,
        1.1850395600001018,
        1.1957773764928181,
        1.2098828156789143,
        1.2127472162246704,
        1.1469263633092244,
        1.2184849977493286,
        1.1842074394226074,
        1.1778741677602131,
        1.1828933159510295,
        1.1648557583491008,
        1.2024544477462769,
        1.1917390028635662,
        1.1969459851582844,
        1.168869415918986,
        1.1934668620427449,
        1.1351386308670044,
        1.139113148053487,
        1.1929298241933186,
        1.1629303693771362,
        1.070227026939392,
        1.0745643575986226,
        1.101334571838379,
        1.0651008089383442,
        1.0287557641665142,
        1.0237264434496562,
        0.9659596880276998,
        1.0545345942179363,
        0.7749967277050018,
        0.8892704248428345,
        1.0174956917762756,
        0.8945955435434977,
        0.8933877944946289,
        0.633362332979838,
        1.2406976024309795,
        0.6975387434164683,
        0.9824918905893961,
        1.092615266640981,
        0.610278328259786,
        0.8262535730997721,
        0.8670548995335897,
        0.569868673880895,
        0.7486720283826193,
        0.8153886000315348,
        0.6895434657732645,
        0.48167914152145386,
        0.6091873248418173,
        0.8273874322573344,
        0.886851171652476,
        0.7388734420140585,
        0.2904781401157379,
        0.8014167149861654,
        0.8499918381373087,
        0.5977188845475515,
        0.37805675715208054,
        0.8933145403862,
        0.6224583784739176,
        0.6493094315131506,
        0.7874700824419657,
        0.7563721438248953,
        0.7157602508862814,
        0.5814811686674753,
        0.5846557021141052,
        0.7905351519584656,
        0.6088921825091044,
        0.8980347911516825,
        0.6166545152664185,
        0.7028997937838236,
        0.3328314572572708,
        0.40417327483495075,
        0.5455129047234853,
        0.7316111524899801,
        0.6323505640029907,
        0.5063238143920898,
        0.42192479968070984,
        0.2635919700066249,
        0.5050702293713888,
        0.5620964467525482,
        0.43320704499880475,
        0.6258765955766042,
        0.489847997824351,
        0.436122198899587,
        0.4641936620076497,
        0.36791763206322986,
        0.4941240648428599,
        0.44617878397305805,
        0.24500629554192224,
        0.49209534128506977,
        0.31821751594543457,
        0.350462685028712,
        0.5049312114715576,
        0.7265483836332957,
        0.43698447942733765,
        0.5222547352313995,
        0.4307551582654317,
        0.6776686310768127,
        0.7251491745313009,
        0.3238721390565236,
        0.8018594086170197,
        0.21380836764971414,
        0.3209138611952464,
        0.3621228337287903,
        0.3732589582602183,
        0.35196515545248985,
        0.574862206975619,
        0.5750400622685751,
        0.42528125643730164,
        0.8718718190987905,
        0.7221952279408773,
        0.20370724548896155,
        0.6393760641415914,
        0.22615035623311996,
        0.1567895064751307,
        0.19718804955482483,
        0.23830724755922952,
        0.10704641044139862,
        0.4726438025633494,
        0.627709279457728,
        0.5604410966237386,
        0.45495322346687317,
        0.25382431348164874,
        0.3131965200106303,
        0.2202830562988917,
        0.06274268527825673,
        0.13690568010012308,
        0.283274844288826,
        0.19808422153194746,
        0.380840927362442,
        0.20403919617335,
        0.4987740268309911,
        0.4833500385284424,
        0.48122693101565045,
        0.5096713503201803,
        0.7937518755594889,
        0.3149782481292884,
        0.4933120608329773,
        0.01812392721573512,
        0.7156377136707306,
        0.15161714951197305,
        0.45371616383393604,
        0.15581184128920236,
        0.42833004395167035,
        0.607567568620046,
        0.4243488113085429,
        0.2509305278460185,
        0.3008621533711751,
        0.401068518559138,
        0.4691506028175354,
        0.388971080382665,
        0.3082163433233897,
        0.6010553240776062,
        0.19195929480095705,
        0.28108492493629456,
        0.11862900604804356,
        0.21030569076538086,
        0.1305085470279058,
        0.09222232550382614,
        0.05423567940791448,
        0.5146647666891416,
        0.12574922293424606,
        0.3414246489604314,
        0.1433075616757075,
        0.23488975564638773,
        0.20037460575501123,
        0.522648443778356,
        0.5588473478953043,
        0.43420055508613586,
        0.22718398769696554,
        0.24389013648033142,
        0.05614169190327326,
        0.43219605336586636,
        0.11139349639415741,
        0.3233729600906372,
        0.08416917671759923,
        0.2063388762374719,
        0.4493180091182391,
        0.033448852598667145,
        0.09713891396919887,
        0.05086631824572881,
        0.10814826854038984,
        0.18015597015619278,
        0.05339492360750834,
        0.10340256740649541,
        0.10884810487429301,
        0.44976456711689633,
        0.0899696946144104,
        0.2821068341533343,
        0.19878701865673065,
        0.031231828033924103,
        0.2954234431187312,
        0.16788596908251444,
        0.39279695103565854,
        0.12909347812334696,
        0.02381892005602519,
        0.4147535264492035,
        0.11270429690678914,
        0.4222044423222542,
        0.09433877468109131
    ],