{
    "epochs": 200,
    "train_loss": [
        1.211185892422994,
        1.252349853515625,
        1.1919401089350383,
        1.1893035173416138,
        1.1849738756815593,
        1.2241011063257854,
        1.2064207394917805,
        1.2168759107589722,
        1.190945068995158,
        1.1996529897054036,
        1.1957101424535115,
        1.219574252764384,
        1.1795710722605388,
        1.195486028989156,
        1.1643709739049275,
        1.2022186915079753,
        1.2091074387232463,
        1.2061142126719158,
        1.2061463594436646,
        1.1854480504989624,
        1.1725644667943318,
        1.1906248728434246,
        1.2077326377232869,
        1.1978911558787029,
        1.1794774134953816,
        1.1976385911305745,
        1.2109667857487996,
        1.1780847311019897,
        1.0893792311350505,
        1.094210108121236,
        1.0106043616930644,
        1.0168491800626118,
        1.0538248419761658,
        1.1093621253967285,
        1.0313916603724163,
        0.8319826126098633,
        0.9751313726107279,
        0.8010816176732382,
        0.9167903065681458,
        0.8075314660867056,
        0.7241110901037852,
        0.8141841292381287,
        1.0757237672805786,
        0.6451152165730795,
        0.6302380363146464,
        1.0130842526753743,
        0.5506634016831716,
        0.8692293961842855,
        0.8792245586713155,
        1.2446820735931396,
        1.3149969180425007,
        1.2760039567947388,
        1.174657146135966,
        1.183813452720642,
        1.2024394273757935,
        1.1865880091985066,
        1.2035305102666218,
        1.1598416169484456,
        1.1981420119603474,
        1.2118593056996663,
        1.2210270563761394,
        1.1743955612182617,
        1.1562257210413616,
        1.2089882691701253,
        1.2002281347910564,
        1.2033302386601765,
        1.1865259011586506,
        1.1838618516921997,
        1.2464265425999959,
        1.24000879128774,
        1.1923771699269612,
        1.242117166519165,
        1.2138207356135051,
        1.231412688891093,
        1.1885346174240112,
        1.207810401916504,
        1.2338056961695354,
        1.1532599925994873,
        1.176828106244405,
        1.1995319922765095,
        1.205671747525533,
        1.1832035779953003,
        1.196293791135152,
        1.1933283408482869,
        1.1962088743845622,
        1.2197922468185425,
        1.1631838083267212,
        1.1787194808324177,
        1.195261279741923,
        1.2148336172103882,
        1.158364176750183,
        1.2118350267410278,
        1.2581202189127605,
        1.1841960350672405,
        1.159217635790507,
        1.1885354121526082,
        1.1877065896987915,
        1.1628108819325764,
        1.1259562174479167,
        1.1522735357284546,
        1.1897950569788616,
        1.1386170387268066,
        1.1482279300689697,
        1.0593959093093872,
        1.2229349613189697,
        1.0983767906824748,
        1.000577946503957,
        1.0362185835838318,
        1.196448564529419,
        1.0089651743570964,
        0.9763965010643005,
        0.8889126777648926,
        1.315955360730489,
        1.145626147588094,
        0.9412877758344015,
        0.8942145705223083,
        0.953051745891571,
        0.9296924471855164,
        0.8658216595649719,
        0.7584908604621887,
        0.8843984603881836,
        1.1010409593582153,
        0.9360602100690206,
        1.0642221172650654,
        0.9917850693066915,
        0.929786225159963,
        0.9682861963907877,
        1.0326798756917317,
        0.8667378822962443,
        1.0561639070510864,
        1.0683972438176472,
        1.0596079230308533,
        1.1018401384353638,
        1.1971429387728374,
        0.9089157581329346,
        0.8661757906277975,
        0.9151530861854553,
        1.0270475546518962,
        0.7119609117507935,
        0.9339574575424194,
        0.9469676613807678,
        0.742734968662262,
        0.9353742996851603,
        0.7289526760578156,
        0.8727707664171854,
        0.7217083175977071,
        0.7306773861249288,
        0.9554172158241272,
        0.8367276390393575,
        0.7685273885726929,
        0.8737045923868815,
        0.5365305443604788,
        0.9513585964838663,
        0.717526892820994,
        0.800391674041748,
        0.715423176685969,
        0.7604330579439799,
        1.026002546151479,
        0.646645704905192,
        0.7991361220677694,
        0.5791386365890503,
        0.4672422806421916,
        0.6082003911336263,
        0.6789475580056509,
        0.4918176531791687,
        0.8510921597480774,
        0.6672967672348022,
        0.47823776801427204,
        0.8653756181399027,
        0.8877791166305542,
        0.6756954789161682,
        0.8131699164708456,
        0.7228536208470663,
        0.6691887776056925,
        0.8893608649571737,
        0.8067415157953898,
        0.9147195021311442,
        0.6314495503902435,
        0.6986935337384542,
        0.5762789646784464,
        0.7418708602587382,
        0.5392091870307922,
        0.6053683956464132,
        0.989739716053009,
        1.0743146340052288,
        0.6981324156125387,
        0.6314279238382975,
        0.7538912892341614,
        0.7075993816057841,
        0.46685029069582623,
        0.6781766613324484,
        0.5333965122699738,
        0.5845398505528768,
        0.5672648151715597,
        0.5712098677953085,
        0.5263561805089315,
        0.7185996572176615,
        0.6100879410902659,
        0.8152617812156677,
        0.7773484587669373
    ],